method,coverage,total_distance,total_energy,completion_time,workload_std,utilisation
Random,1.0,2662.6574145827976,266.26574145827976,282.40016138592,7.0710678118654755,1.0
PSO,1.0,2450.524922843765,245.0524922843765,267.11877178394707,2.0976176963403033,1.0
