{
  "n_seeds": 10,
  "PSO": {
    "fitness": [
      1.5996372586334533,
      0.03233804655424503
    ],
    "total_distance": [
      2450.37129110319,
      49.46102597432059
    ],
    "workload_std": [
      2.8627319427061204,
      1.097618250672811
    ]
  },
  "GA": {
    "fitness": [
      1.4335710480949,
      0.019707307354825804
    ],
    "total_distance": [
      2202.7033543576676,
      39.63166292824616
    ],
    "workload_std": [
      1.272424286896716,
      0.4700387580991423
    ]
  },
  "QL": {
    "avg_reward": [
      59.07129999999993,
      0.42361233457017766
    ],
    "avg_steps": [
      88.5485,
      1.684801249405995
    ],
    "success_rate": [
      0.9994999999999999,
      0.0015000000000000013
    ],
    "conv": [
      2223.1,
      130.3958971747194
    ]
  }
}