{
  "n_seeds": 10,
  "VI_eval": {
    "success_rate": [
      1.0,
      0.0
    ],
    "avg_reward": [
      59.13264999999992,
      0.2124716510502057
    ],
    "avg_steps": [
      84.142,
      0.4521791680296644
    ],
    "avg_collisions": [
      0.6434999999999998,
      0.04318854014666392
    ]
  }
}